Health_Board,Age,Infected
S08000015,"[17,70)",1384.615385
S08000016,"[17,70)",461.5384615
S08000017,"[17,70)",1.
S08000029,"[17,70)",615.3846154
S08000019,"[17,70)",1076.923077
S08000020,"[17,70)",461.5384615
S08000031,"[17,70)",2000.
S08000022,"[17,70)",769.2307692
S08000032,"[17,70)",1230.769231
S08000024,"[17,70)",1076.923077
S08000025,"[17,70)",1.
S08000026,"[17,70)",1.
S08000030,"[17,70)",461.5384615
S08000028,"[17,70)",1.
